excluded_year,sharpe,cagr,max_drawdown,year_return
2002,0.013887218116227347,-0.00022879793240637714,-0.1463392989281831,-0.03487203724347998
2003,0.08759043009107545,0.002700543760754792,-0.14633929892818565,-0.08040980091616612
2004,-0.07415249635019601,-0.0037687442909088986,-0.15125289912518258,0.023355535056857946
2005,-0.08217560821260878,-0.004048120972555025,-0.15518901845914124,0.028123524104183728
2006,-0.10713463159606282,-0.005002260529407332,-0.16846031436411235,0.04453227975463481
2007,-0.012680603534053807,-0.0012887898605403736,-0.14633929892818087,-0.017809880753046015
2008,-0.08690235266125897,-0.0042127467554959885,-0.15747882712626038,0.030917763860003777
2009,-0.009747477232390158,-0.001171800217181329,-0.1319101997034915,-0.019708611437614265
2010,-0.01092005269230508,-0.001217416182227482,-0.1319101997034915,-0.018968732118628595
2011,-0.020640775088567154,-0.0016178596797919997,-0.13557884212269122,-0.01244816454043296
2012,-0.04579363488760589,-0.0026044357082677383,-0.14957358477599758,0.0038031342746622787
2013,-0.08709879467299621,-0.004214347482840997,-0.17197689158636476,0.030962412036181552
2014,0.03652942240066181,0.000662168659986806,-0.1319101997034915,-0.04897033322617739
2015,0.02125757953272567,4.9920770680111914e-05,-0.1319101997034915,-0.03930604238590796
2016,-0.05235740975369197,-0.002897668500352779,-0.13969018956345358,0.008701430964743295
2017,-0.11032698676597975,-0.005193571433748545,-0.14633929892817854,0.047855637533518625
2018,-0.07883422887449153,-0.003905523944278344,-0.14633929892817854,0.0256947969597201
