test_year,selected,train_sharpe_selected,train_sharpe_base,test_return_selected,test_return_base
2007,"grid:transform=clipped_z,vol_span_bars=60,buffer_frac=0.1",0.39661181036471604,-0.0997302762660952,-0.00039116124260829555,-0.017809880753046015
2008,"grid:transform=clipped_z,vol_span_bars=60,buffer_frac=0.1",0.3369968676848727,-0.15109362556695435,0.03724906457052901,0.030917763860003777
2009,"grid:transform=clipped_z,vol_span_bars=60,buffer_frac=0.1",0.4328841477832524,-0.021899684330809594,-0.016441978428610837,-0.019708611437614265
2010,"grid:transform=clipped_z,vol_span_bars=60,buffer_frac=0.1",0.32841196953876856,-0.07551908652916407,-0.012058453612358355,-0.018968732118628595
2011,"grid:transform=clipped_z,vol_span_bars=60,buffer_frac=0.1",0.25713826721963373,-0.11499632260357376,-0.015329959258973624,-0.01244816454043296
2012,"grid:transform=clipped_z,vol_span_bars=60,buffer_frac=0.1",0.19178400279559654,-0.13252356924029188,0.005404815296320864,0.0038031342746622787
2013,"grid:transform=clipped_z,vol_span_bars=60,buffer_frac=0.1",0.18908409310971375,-0.11046021180078697,0.03750422917954577,0.030962412036181552
2014,"grid:transform=clipped_z,vol_span_bars=60,buffer_frac=0.1",0.2579674776459088,-0.03844513569249974,-0.03122584131763484,-0.04897033322617739
2015,"grid:transform=clipped_z,vol_span_bars=60,buffer_frac=0.1",0.17321324338211855,-0.1262871909304896,-0.05179411845699178,-0.03930604238590796
2016,"grid:transform=clipped_z,vol_span_bars=60,buffer_frac=0.1",0.05809370943041466,-0.1861709064611397,-0.014293329665603594,0.008701430964743295
2017,"grid:transform=clipped_z,vol_span_bars=60,buffer_frac=0.1",0.028821409547949414,-0.16043010426435841,0.03361310952522434,0.047855637533518625
2018,"grid:transform=clipped_z,vol_span_bars=60,buffer_frac=0.1",0.08647994405809016,-0.07883422887449153,0.015685596262559498,0.0256947969597201
