dataset,data_label,name,config_hash,period,sharpe,cagr,max_drawdown,role,logged_utc
proxy_monthly,PROXY_PRELIMINARY,"grid:transform=sign,vol_span_bars=12,buffer_frac=0.05",462113dd224a8a2a7d23cd3c9dbe92a0e3ecbcb70d29e3b5ddfdddf648ef3d69,1973-01-31..2018-12-31,0.4798685632410496,0.02419199066344513,-0.21860778660883884,grid,2026-09-27T16:40:47+00:00
proxy_monthly,PROXY_PRELIMINARY,"grid:transform=sign,vol_span_bars=12,buffer_frac=0.1",415859a7505dfbc634c25c0b0cdc13210357127791f13cb802f26c1a6ecd095f,1973-01-31..2018-12-31,0.47937391232172494,0.023466526723850523,-0.2219740713304551,grid,2026-09-27T16:40:47+00:00
proxy_monthly,PROXY_PRELIMINARY,"grid:transform=sign,vol_span_bars=24,buffer_frac=0.05",803c549253c4f4a2c7b4b48251036c7f95bd9db816f899492628518f2da99df7,1973-01-31..2018-12-31,0.512427065492537,0.025731247451291628,-0.22202514658159256,grid,2026-09-27T16:40:47+00:00
proxy_monthly,PROXY_PRELIMINARY,"grid:transform=sign,vol_span_bars=24,buffer_frac=0.1",1dce9acc76652e8cb20402eb6590d27956db6c036a1ea6bf5d6ad2f8a2266891,1973-01-31..2018-12-31,0.5183461987426784,0.025337911370443722,-0.21493194279570216,grid,2026-09-27T16:40:47+00:00
proxy_monthly,PROXY_PRELIMINARY,"grid:transform=clipped_z,vol_span_bars=12,buffer_frac=0.05",8e6bb56cbfb7958e59de2458d51ca7d8149a2e26151477ef8f6d071d83b13623,1973-01-31..2018-12-31,0.49775104488516914,0.023350804541768744,-0.2033262396769181,grid,2026-09-27T16:40:47+00:00
proxy_monthly,PROXY_PRELIMINARY,"grid:transform=clipped_z,vol_span_bars=12,buffer_frac=0.1",0e9db757e303b5453b332a2ca5a26810a7fa38025162be8eed7f130e39e7caf6,1973-01-31..2018-12-31,0.5464784644962913,0.025365922058923962,-0.1983295719524406,grid,2026-09-27T16:40:47+00:00
proxy_monthly,PROXY_PRELIMINARY,"grid:transform=clipped_z,vol_span_bars=24,buffer_frac=0.05",43dd74a30fa6ee769371e2b881d9d6df7725a5d49deaf6c77530b3c3acc1ce26,1973-01-31..2018-12-31,0.5500463175507321,0.026350225776223146,-0.19579901139411948,grid,2026-09-27T16:40:47+00:00
proxy_monthly,PROXY_PRELIMINARY,"grid:transform=clipped_z,vol_span_bars=24,buffer_frac=0.1",7896848dceae06e64e51beb253ba5c435c6644aa19f93c5bd3066c515861ee0b,1973-01-31..2018-12-31,0.5571539308479274,0.025972733864730646,-0.18702650857714276,grid,2026-09-27T16:40:47+00:00
proxy_monthly,PROXY_PRELIMINARY,C_single_12m,8c9266ddf0bd8fbfad7d61fcfbaa19d08facffa0b3de64e6c939cf36599da08d,1973-01-31..2018-12-31,0.6041219631955221,0.03384885078642874,-0.22527400123612407,C_single_12m,2026-09-27T16:40:47+00:00
proxy_monthly,PROXY_PRELIMINARY,"grid:transform=sign,vol_span_bars=12,buffer_frac=0.05",462113dd224a8a2a7d23cd3c9dbe92a0e3ecbcb70d29e3b5ddfdddf648ef3d69,1973-01-31..2018-12-31,0.4798685632410496,0.02419199066344513,-0.21860778660883884,grid,2026-09-27T16:45:15+00:00
proxy_monthly,PROXY_PRELIMINARY,"grid:transform=sign,vol_span_bars=12,buffer_frac=0.1",415859a7505dfbc634c25c0b0cdc13210357127791f13cb802f26c1a6ecd095f,1973-01-31..2018-12-31,0.47937391232172494,0.023466526723850523,-0.2219740713304551,grid,2026-09-27T16:45:15+00:00
proxy_monthly,PROXY_PRELIMINARY,"grid:transform=sign,vol_span_bars=24,buffer_frac=0.05",803c549253c4f4a2c7b4b48251036c7f95bd9db816f899492628518f2da99df7,1973-01-31..2018-12-31,0.512427065492537,0.025731247451291628,-0.22202514658159256,grid,2026-09-27T16:45:15+00:00
proxy_monthly,PROXY_PRELIMINARY,"grid:transform=sign,vol_span_bars=24,buffer_frac=0.1",1dce9acc76652e8cb20402eb6590d27956db6c036a1ea6bf5d6ad2f8a2266891,1973-01-31..2018-12-31,0.5183461987426784,0.025337911370443722,-0.21493194279570216,grid,2026-09-27T16:45:15+00:00
proxy_monthly,PROXY_PRELIMINARY,"grid:transform=clipped_z,vol_span_bars=12,buffer_frac=0.05",8e6bb56cbfb7958e59de2458d51ca7d8149a2e26151477ef8f6d071d83b13623,1973-01-31..2018-12-31,0.49775104488516914,0.023350804541768744,-0.2033262396769181,grid,2026-09-27T16:45:15+00:00
proxy_monthly,PROXY_PRELIMINARY,"grid:transform=clipped_z,vol_span_bars=12,buffer_frac=0.1",0e9db757e303b5453b332a2ca5a26810a7fa38025162be8eed7f130e39e7caf6,1973-01-31..2018-12-31,0.5464784644962913,0.025365922058923962,-0.1983295719524406,grid,2026-09-27T16:45:15+00:00
proxy_monthly,PROXY_PRELIMINARY,"grid:transform=clipped_z,vol_span_bars=24,buffer_frac=0.05",43dd74a30fa6ee769371e2b881d9d6df7725a5d49deaf6c77530b3c3acc1ce26,1973-01-31..2018-12-31,0.5500463175507321,0.026350225776223146,-0.19579901139411948,grid,2026-09-27T16:45:15+00:00
proxy_monthly,PROXY_PRELIMINARY,"grid:transform=clipped_z,vol_span_bars=24,buffer_frac=0.1",7896848dceae06e64e51beb253ba5c435c6644aa19f93c5bd3066c515861ee0b,1973-01-31..2018-12-31,0.5571539308479274,0.025972733864730646,-0.18702650857714276,grid,2026-09-27T16:45:15+00:00
proxy_monthly,PROXY_PRELIMINARY,C_single_12m,8c9266ddf0bd8fbfad7d61fcfbaa19d08facffa0b3de64e6c939cf36599da08d,1973-01-31..2018-12-31,0.6041219631955221,0.03384885078642874,-0.22527400123612407,C_single_12m,2026-09-27T16:45:15+00:00
proxy_monthly,PROXY_PRELIMINARY,"sens:lookbacks=[2, 5, 10]",c8f37d7a2f873605b86f0778c5d1f97ea555566e7a351e396281f631cad0a0b3,1973-01-31..2018-12-31,0.5403807909232583,0.02560680486720801,-0.21509772583215114,sens,2026-09-27T16:45:15+00:00
proxy_monthly,PROXY_PRELIMINARY,"sens:lookbacks=[3, 6, 12]",1dce9acc76652e8cb20402eb6590d27956db6c036a1ea6bf5d6ad2f8a2266891,1973-01-31..2018-12-31,0.5183461987426784,0.025337911370443722,-0.21493194279570216,sens,2026-09-27T16:45:15+00:00
proxy_monthly,PROXY_PRELIMINARY,"sens:lookbacks=[4, 8, 14]",8bb16628d633a37a49b355257b8345abf9cbf2f73537c8ac0fbc5f845c070e1e,1973-01-31..2018-12-31,0.5809192893233578,0.029178579597618493,-0.20963755699798226,sens,2026-09-27T16:45:15+00:00
proxy_monthly,PROXY_PRELIMINARY,sens:vol_floor=0.3,63d1a490483c576cc6763b60ddf4eb8ecc675711f986bd4b5d37661128f6c0f5,1973-01-31..2018-12-31,0.5202887445386428,0.02538641106092898,-0.21493194279570216,sens,2026-09-27T16:45:15+00:00
proxy_monthly,PROXY_PRELIMINARY,sens:vol_floor=0.5,1dce9acc76652e8cb20402eb6590d27956db6c036a1ea6bf5d6ad2f8a2266891,1973-01-31..2018-12-31,0.5183461987426784,0.025337911370443722,-0.21493194279570216,sens,2026-09-27T16:45:15+00:00
proxy_monthly,PROXY_PRELIMINARY,sens:vol_floor=0.7,c9cde0b64ee23566910e7e7fd7095d39301a7bb4717eb1227c6317501f2995c7,1973-01-31..2018-12-31,0.5149800209379032,0.025083077340749105,-0.2120668792599919,sens,2026-09-27T16:45:15+00:00
proxy_monthly,PROXY_PRELIMINARY,sens:idm_cap=2.0,d1d9ba1cb19c28367274e402ecaa7d361c084df91405fa5896588550f19df181,1973-01-31..2018-12-31,0.5012709918379568,0.024422216578910305,-0.21611405037688802,sens,2026-09-27T16:45:15+00:00
proxy_monthly,PROXY_PRELIMINARY,sens:idm_cap=2.5,1dce9acc76652e8cb20402eb6590d27956db6c036a1ea6bf5d6ad2f8a2266891,1973-01-31..2018-12-31,0.5183461987426784,0.025337911370443722,-0.21493194279570216,sens,2026-09-27T16:45:15+00:00
proxy_monthly,PROXY_PRELIMINARY,sens:idm_cap=3.0,fda8a152a07d66cac212360957195800e149490b53ff7b9649a65dbbf78bbe8c,1973-01-31..2018-12-31,0.5183461987426784,0.025337911370443722,-0.21493194279570216,sens,2026-09-27T16:45:15+00:00
proxy_monthly,PROXY_PRELIMINARY,sens:dd_control=off,6defa31fe251eee1ff2ba24aaa8f298619d3aa06d7f1fb33ed3b965dba42a637,1973-01-31..2018-12-31,0.525370608419406,0.027037623409167155,-0.2544967483300249,sens,2026-09-27T16:45:15+00:00
proxy_monthly,PROXY_PRELIMINARY,lomo:-ES,afd6419e2f0cfb0d6bd6f37b2bcfba190fe3998ddb25ed216792cb896c094b7e,1973-01-31..2018-12-31,0.3176191003969338,0.010831383033681252,-0.23096180744533346,lomo,2026-09-27T16:45:15+00:00
proxy_monthly,PROXY_PRELIMINARY,lomo:-ZN,7a0acaf43751186143a594f56de6e99aa278e90d40369957a7912bc3518a998f,1973-01-31..2018-12-31,0.617090974221742,0.030493656115848866,-0.22886144476223858,lomo,2026-09-27T16:45:15+00:00
proxy_monthly,PROXY_PRELIMINARY,lomo:-6J,a2785cfddb682b65f644bfee4e0879e5cc373ef30d8b7d4605c70c624a38af26,1973-01-31..2018-12-31,0.5162768575714806,0.02541253311647962,-0.20912767775464436,lomo,2026-09-27T16:45:15+00:00
proxy_monthly,PROXY_PRELIMINARY,lomo:-6E,627cb0eae3724449e994c681d9d8a8d7cd2be424b60efcf30d141350cc32b923,1973-01-31..2018-12-31,0.5365934714016034,0.026164010714205155,-0.21493194279570216,lomo,2026-09-27T16:45:15+00:00
proxy_monthly,PROXY_PRELIMINARY,lomo:-6B,9a87345f47c7043f5e05e0321cf408b8c077ab150cd23602327bfa10b498ec29,1973-01-31..2018-12-31,0.49393640253069626,0.024385283211784348,-0.21141166744572226,lomo,2026-09-27T16:45:15+00:00
proxy_monthly,PROXY_PRELIMINARY,lomo:-6A,aa26c3c6e0deddd9f586191ad37130bbc4bab50fc2e40744992a89301187c319,1973-01-31..2018-12-31,0.5025270247012951,0.025133978864112727,-0.21172997192828646,lomo,2026-09-27T16:45:15+00:00
proxy_monthly,PROXY_PRELIMINARY,lomo:-6C,b453ee39a8844569ef4a9e08387465eac82276c148ec3f177b51b25c342cf11c,1973-01-31..2018-12-31,0.4549105537388247,0.022460594013343105,-0.22396049832386877,lomo,2026-09-27T16:45:15+00:00
proxy_monthly,PROXY_PRELIMINARY,lomo:-GC,ff995637d279a83a7189df881bca480e43a38375c9d48b55cd57029cba916d9a,1973-01-31..2018-12-31,0.3697192023491755,0.016663883239701915,-0.21793249216766464,lomo,2026-09-27T16:45:15+00:00
proxy_monthly,PROXY_PRELIMINARY,lomo:-HG,5409a5dd11b5460a14bf142ae773d760492141a102a003b9dc63f9883d98c750,1973-01-31..2018-12-31,0.4494942009589785,0.021672556751876737,-0.22563349546922606,lomo,2026-09-27T16:45:15+00:00
proxy_monthly,PROXY_PRELIMINARY,lomo:-CL,9e22fd290f9908d9aa13e9d238e337c674cde9c187b1b16e84dc1ce0234f4315,1973-01-31..2018-12-31,0.5597771754072192,0.02796806018704623,-0.18785048127736004,lomo,2026-09-27T16:45:15+00:00
proxy_monthly,PROXY_PRELIMINARY,lomo:-NG,1593394ae3997e42db315782d4a8a9688963c7f664aa17d5c4695653e4ddcca4,1973-01-31..2018-12-31,0.5035295497414555,0.02480417435490545,-0.21493194279570216,lomo,2026-09-27T16:45:15+00:00
proxy_monthly,PROXY_PRELIMINARY,lomo:-ZC,b15a2cfb79e00b7305c64d9499b475ff0d438e33a3f19a96c74359e5bffc49ff,1973-01-31..2018-12-31,0.5248160937754085,0.026055125875212193,-0.21743295554817232,lomo,2026-09-27T16:45:15+00:00
proxy_monthly,PROXY_PRELIMINARY,lomo:-ZS,466c0485dc0ba622dfb2db404d0d375158dd3e1d553023109dbc27964e6801b9,1973-01-31..2018-12-31,0.5223074967759264,0.0254210166871498,-0.21762467328921864,lomo,2026-09-27T16:45:15+00:00
proxy_monthly,PROXY_PRELIMINARY,loco:-commodity,3271544acc0a1c232c26fb777fda9fa949bbfa8a90140c3efa7465ac56ece178,1973-01-31..2018-12-31,0.4320721744175112,0.018292332009961054,-0.17737570480636033,loco,2026-09-27T16:45:15+00:00
proxy_monthly,PROXY_PRELIMINARY,loco:-equity,afd6419e2f0cfb0d6bd6f37b2bcfba190fe3998ddb25ed216792cb896c094b7e,1973-01-31..2018-12-31,0.3176191003969338,0.010831383033681252,-0.23096180744533346,loco,2026-09-27T16:45:15+00:00
proxy_monthly,PROXY_PRELIMINARY,loco:-fx,b5987fb4534abb955c763bbda62bca02c2d9cec1256e67555f3262357dcba6d5,1973-01-31..2018-12-31,0.4664337618795717,0.020690741255413814,-0.21336400743586104,loco,2026-09-27T16:45:15+00:00
proxy_monthly,PROXY_PRELIMINARY,loco:-rates,7a0acaf43751186143a594f56de6e99aa278e90d40369957a7912bc3518a998f,1973-01-31..2018-12-31,0.617090974221742,0.030493656115848866,-0.22886144476223858,loco,2026-09-27T16:45:15+00:00
proxy_monthly,PROXY_PRELIMINARY,stress:cost_x2,1dce9acc76652e8cb20402eb6590d27956db6c036a1ea6bf5d6ad2f8a2266891,1973-01-31..2018-12-31,0.49045128551849815,0.023925294588572177,-0.21842195161829925,stress,2026-09-27T16:45:15+00:00
proxy_monthly,PROXY_PRELIMINARY,stress:cost_x3,1dce9acc76652e8cb20402eb6590d27956db6c036a1ea6bf5d6ad2f8a2266891,1973-01-31..2018-12-31,0.4608923682985741,0.022094453891244648,-0.21981506028401454,stress,2026-09-27T16:45:15+00:00
proxy_monthly,PROXY_PRELIMINARY,stress:lag_2,1bf9ed9b54147c570096553b8121a8bb7b2c1cf08595dd6957662bac4585a1a4,1973-01-31..2018-12-31,0.4006922829507994,0.019874436495818548,-0.19381100123743877,stress,2026-09-27T16:45:15+00:00
proxy_monthly,PROXY_PRELIMINARY,stress:adv_x0.25,1dce9acc76652e8cb20402eb6590d27956db6c036a1ea6bf5d6ad2f8a2266891,1973-01-31..2018-12-31,0.5183949221415252,0.02533708119667577,-0.21525858392923258,stress,2026-09-27T16:45:15+00:00
proxy_monthly,PROXY_PRELIMINARY,stress:margin_x2,1dce9acc76652e8cb20402eb6590d27956db6c036a1ea6bf5d6ad2f8a2266891,1973-01-31..2018-12-31,0.5183461987426784,0.025337911370443722,-0.21493194279570216,stress,2026-09-27T16:45:15+00:00
proxy_monthly,PROXY_PRELIMINARY,stress:margin_x4,1dce9acc76652e8cb20402eb6590d27956db6c036a1ea6bf5d6ad2f8a2266891,1973-01-31..2018-12-31,0.5192927351234349,0.025035498448865212,-0.21517370076052322,stress,2026-09-27T16:45:15+00:00
proxy_monthly,PROXY_PRELIMINARY,cap:1e+08:int,1dce9acc76652e8cb20402eb6590d27956db6c036a1ea6bf5d6ad2f8a2266891,1973-01-31..2018-12-31,0.5162641416198128,0.025080064425731408,-0.21941870181162992,cap,2026-09-27T16:45:15+00:00
proxy_monthly,PROXY_PRELIMINARY,cap:1e+08:frac,1dce9acc76652e8cb20402eb6590d27956db6c036a1ea6bf5d6ad2f8a2266891,1973-01-31..2018-12-31,0.5152916737940295,0.025000428410416164,-0.21063629051979815,cap,2026-09-27T16:45:15+00:00
proxy_monthly,PROXY_PRELIMINARY,cap:3e+08:int,1dce9acc76652e8cb20402eb6590d27956db6c036a1ea6bf5d6ad2f8a2266891,1973-01-31..2018-12-31,0.5183461987426784,0.025337911370443722,-0.21493194279570216,cap,2026-09-27T16:45:15+00:00
proxy_monthly,PROXY_PRELIMINARY,cap:3e+08:frac,1dce9acc76652e8cb20402eb6590d27956db6c036a1ea6bf5d6ad2f8a2266891,1973-01-31..2018-12-31,0.5147054515145031,0.024970561593633755,-0.21068551379934508,cap,2026-09-27T16:45:15+00:00
proxy_monthly,PROXY_PRELIMINARY,cap:1e+09:int,1dce9acc76652e8cb20402eb6590d27956db6c036a1ea6bf5d6ad2f8a2266891,1973-01-31..2018-12-31,0.5113151293786881,0.02489229219520861,-0.21304455744432071,cap,2026-09-27T16:45:15+00:00
proxy_monthly,PROXY_PRELIMINARY,cap:1e+09:frac,1dce9acc76652e8cb20402eb6590d27956db6c036a1ea6bf5d6ad2f8a2266891,1973-01-31..2018-12-31,0.5135612684918809,0.024912268962637096,-0.2107816128736555,cap,2026-09-27T16:45:15+00:00
proxy_daily,PROXY_PRELIMINARY,"grid:transform=sign,vol_span_bars=30,buffer_frac=0.05",87e62bb44ac6043d5de7a2c1cbfef2b7001a8095f627ad433eea89c2a1b7dd25,2000-01-03..2020-12-31,0.49623498784629433,0.024809446624586506,-0.14812335495468032,grid,2026-09-27T16:47:22+00:00
proxy_daily,PROXY_PRELIMINARY,"grid:transform=sign,vol_span_bars=30,buffer_frac=0.1",70ad8e8bc9e50099f597af5212b5ab9d0f5834be6018e6394cbade1a0eae3362,2000-01-03..2020-12-31,0.49761298539996784,0.024413425703432745,-0.149688026166923,grid,2026-09-27T16:47:22+00:00
proxy_daily,PROXY_PRELIMINARY,"grid:transform=sign,vol_span_bars=60,buffer_frac=0.05",5bd1951f24879a2d38c0d69cbc1c1e8af3821dd2e955f6873e02f2263d5e15fa,2000-01-03..2020-12-31,0.47986632903537557,0.023750550828539163,-0.13821287763938928,grid,2026-09-27T16:47:22+00:00
proxy_daily,PROXY_PRELIMINARY,"grid:transform=sign,vol_span_bars=60,buffer_frac=0.1",301fb1b32b477b546947f9d59a30ec014adbee489e55f9177538dc52c3f15b08,2000-01-03..2020-12-31,0.48164525291138155,0.02346072042756875,-0.14149065497894098,grid,2026-09-27T16:47:22+00:00
proxy_daily,PROXY_PRELIMINARY,"grid:transform=clipped_z,vol_span_bars=30,buffer_frac=0.05",944d1d36728b5a13da26991fb0044931fc3a56e42bff86966c4b2eb04f2ae404,2000-01-03..2020-12-31,0.43131945467707317,0.018748858401298696,-0.11420766067545318,grid,2026-09-27T16:47:22+00:00
proxy_daily,PROXY_PRELIMINARY,"grid:transform=clipped_z,vol_span_bars=30,buffer_frac=0.1",afecff042394d0eb00f76d86addc21850be56628b00f8edb0ad99c6bf04f4dea,2000-01-03..2020-12-31,0.4506153882845759,0.01927051929934298,-0.11389763968339717,grid,2026-09-27T16:47:22+00:00
proxy_daily,PROXY_PRELIMINARY,"grid:transform=clipped_z,vol_span_bars=60,buffer_frac=0.05",6963926746053944f82331db27f6b730477ab5fba4045ae39420403061f81b69,2000-01-03..2020-12-31,0.4279744451637542,0.018328199580649684,-0.1155627974416713,grid,2026-09-27T16:47:22+00:00
proxy_daily,PROXY_PRELIMINARY,"grid:transform=clipped_z,vol_span_bars=60,buffer_frac=0.1",ecc9b3d11e79901135c33caa056d08ff32075515af20ab57511db47079d7022d,2000-01-03..2020-12-31,0.4375318659674717,0.018449885653488485,-0.11158453235224497,grid,2026-09-27T16:47:22+00:00
proxy_daily,PROXY_PRELIMINARY,C_single_12m,f5c4bf15dc40a4509e34c7bee43de6dd223bf56dade6163884cad4eac32c12f5,2000-01-03..2020-12-31,0.47478967981511044,0.026594737655578182,-0.14463769891565204,C_single_12m,2026-09-27T16:47:22+00:00
proxy_daily,PROXY_PRELIMINARY,"sens:lookbacks=[42, 105, 210]",1a103b86d4c1fe4ae4b2cbc6293a10c98aee48dc0c8ac1f94f9c550a69653426,2000-01-03..2020-12-31,0.4815542789507298,0.023219847797010917,-0.14913673257274573,sens,2026-09-27T16:47:22+00:00
proxy_daily,PROXY_PRELIMINARY,"sens:lookbacks=[63, 126, 252]",301fb1b32b477b546947f9d59a30ec014adbee489e55f9177538dc52c3f15b08,2000-01-03..2020-12-31,0.48164525291138155,0.02346072042756875,-0.14149065497894098,sens,2026-09-27T16:47:22+00:00
proxy_daily,PROXY_PRELIMINARY,"sens:lookbacks=[84, 168, 336]",afa5e75e39a20cffae39be6d3f6f9a3488fb5b72cbb0339c4bdeca32ee56ca57,2000-01-03..2020-12-31,0.29001577217723484,0.01278451648013701,-0.16946979656999417,sens,2026-09-27T16:47:22+00:00
proxy_daily,PROXY_PRELIMINARY,sens:vol_floor=0.3,2b8ac3152230236782d32eef0d1c8c5c35cd6e644b55a741081a5a818e190649,2000-01-03..2020-12-31,0.48257211632460245,0.023566771562926414,-0.14094102595616753,sens,2026-09-27T16:47:22+00:00
proxy_daily,PROXY_PRELIMINARY,sens:vol_floor=0.5,301fb1b32b477b546947f9d59a30ec014adbee489e55f9177538dc52c3f15b08,2000-01-03..2020-12-31,0.48164525291138155,0.02346072042756875,-0.14149065497894098,sens,2026-09-27T16:47:22+00:00
proxy_daily,PROXY_PRELIMINARY,sens:vol_floor=0.7,5561770df3e0c39d6b5496a55376d2b89d9bf1ffbdb1782300e8780d4c970e39,2000-01-03..2020-12-31,0.47622030708703195,0.02286842711963155,-0.1414456095055182,sens,2026-09-27T16:47:22+00:00
proxy_daily,PROXY_PRELIMINARY,sens:idm_cap=2.0,c6362ee32271101fbbd7740aa89c4eebec967c18cd8e1345b6e0632620401f48,2000-01-03..2020-12-31,0.4827895420139951,0.023504936586014935,-0.14158357310152603,sens,2026-09-27T16:47:22+00:00
proxy_daily,PROXY_PRELIMINARY,sens:idm_cap=2.5,301fb1b32b477b546947f9d59a30ec014adbee489e55f9177538dc52c3f15b08,2000-01-03..2020-12-31,0.48164525291138155,0.02346072042756875,-0.14149065497894098,sens,2026-09-27T16:47:22+00:00
proxy_daily,PROXY_PRELIMINARY,sens:idm_cap=3.0,8358a335bab178d3d8815fa7f56b3a3295dd98f0adb7aec5e3cd7c9afc89cb36,2000-01-03..2020-12-31,0.48164525291138155,0.02346072042756875,-0.14149065497894098,sens,2026-09-27T16:47:22+00:00
proxy_daily,PROXY_PRELIMINARY,sens:dd_control=off,41bba6745ed908373df01c72a8995d6b836be624136a87978e82c35ecd3e8279,2000-01-03..2020-12-31,0.46723577362296026,0.023088708540024205,-0.15450545844289743,sens,2026-09-27T16:47:22+00:00
proxy_daily,PROXY_PRELIMINARY,lomo:-ES,28b11c8918420ba65a5b7f1207a88636b54c1bef631d6a4aed650fa2f30b5d07,2000-01-03..2020-12-31,0.39187856610612465,0.018709421812059812,-0.19068617527563114,lomo,2026-09-27T16:47:22+00:00
proxy_daily,PROXY_PRELIMINARY,lomo:-6J,a6e7887821f148b18d0cc222d95c7513adbe57fe179ba5da876cc9bf583d103a,2000-01-03..2020-12-31,0.4840203741851273,0.02376979592803785,-0.1447952118362109,lomo,2026-09-27T16:47:22+00:00
proxy_daily,PROXY_PRELIMINARY,lomo:-6E,297ccf607545bfa5a0fae42d47e5416d488e373ca6816ca1b2648b0f9889b2de,2000-01-03..2020-12-31,0.4487907817704373,0.02161271780677665,-0.15480516829627788,lomo,2026-09-27T16:47:22+00:00
proxy_daily,PROXY_PRELIMINARY,lomo:-6B,ff676b4e0848fe2548bcd35aa988b7fdf5c0614e9da1f5858589c49333c255c9,2000-01-03..2020-12-31,0.5092495045014807,0.02498682322578638,-0.14425076006695714,lomo,2026-09-27T16:47:22+00:00
proxy_daily,PROXY_PRELIMINARY,lomo:-6A,fcec350ce62409d4c289b6f5e650e224c756bc320427ba0272a7d7c75be19d4e,2000-01-03..2020-12-31,0.4832193417416093,0.023760819899239616,-0.13966840236462363,lomo,2026-09-27T16:47:22+00:00
proxy_daily,PROXY_PRELIMINARY,lomo:-6C,b9500665ab2a5fb2a27ee9439d74790633772beaabe5113691199801cf2b6196,2000-01-03..2020-12-31,0.4788580669739923,0.02346082689344242,-0.13314928951710736,lomo,2026-09-27T16:47:22+00:00
proxy_daily,PROXY_PRELIMINARY,lomo:-CL,0b8adbc138e932f434b7b3ff78e1eabed2aa6e907298300ceecaeaad0b1cc5f6,2000-01-03..2020-12-31,0.5152638669018847,0.021631674759849284,-0.1606867763239711,lomo,2026-09-27T16:47:22+00:00
proxy_daily,PROXY_PRELIMINARY,lomo:-NG,d60508b34915307c5958b1188ef0c78f089d9a0a39fe5374565b0dbbe4c383e3,2000-01-03..2020-12-31,0.43522813741379374,0.019207432663423063,-0.10483589958747241,lomo,2026-09-27T16:47:22+00:00
proxy_daily,PROXY_PRELIMINARY,loco:-commodity,636edd3ec98b690143642150a39bce7fc501c3b690f004939515f60837d37923,2000-01-03..2020-12-31,0.5736455064544492,0.025219173424405827,-0.1188597893664951,loco,2026-09-27T16:47:22+00:00
proxy_daily,PROXY_PRELIMINARY,loco:-equity,28b11c8918420ba65a5b7f1207a88636b54c1bef631d6a4aed650fa2f30b5d07,2000-01-03..2020-12-31,0.39187856610612465,0.018709421812059812,-0.19068617527563114,loco,2026-09-27T16:47:22+00:00
proxy_daily,PROXY_PRELIMINARY,loco:-fx,e9f9f29f00cf7d66f063335f7f2b763d4693de380e4c7987c9c09bc2b033c02d,2000-01-03..2020-12-31,0.26250140102937447,0.009900643306587797,-0.13037445354068478,loco,2026-09-27T16:47:22+00:00
proxy_daily,PROXY_PRELIMINARY,stress:cost_x2,301fb1b32b477b546947f9d59a30ec014adbee489e55f9177538dc52c3f15b08,2000-01-03..2020-12-31,0.45987140556553957,0.02232414263942495,-0.1467048285023167,stress,2026-09-27T16:47:22+00:00
proxy_daily,PROXY_PRELIMINARY,stress:cost_x3,301fb1b32b477b546947f9d59a30ec014adbee489e55f9177538dc52c3f15b08,2000-01-03..2020-12-31,0.40986230736586204,0.019307929405229407,-0.15799792005493551,stress,2026-09-27T16:47:22+00:00
proxy_daily,PROXY_PRELIMINARY,stress:lag_2,0a2252a958cd6a11ea8a720d8976cc5fb2f02b225b957fd22f282299fbc1206f,2000-01-03..2020-12-31,0.3729856959273077,0.017962788243952366,-0.15129885072410898,stress,2026-09-27T16:47:22+00:00
proxy_daily,PROXY_PRELIMINARY,stress:adv_x0.25,301fb1b32b477b546947f9d59a30ec014adbee489e55f9177538dc52c3f15b08,2000-01-03..2020-12-31,0.48117768069155864,0.023439447351063958,-0.14186348888706435,stress,2026-09-27T16:47:22+00:00
proxy_daily,PROXY_PRELIMINARY,stress:margin_x2,301fb1b32b477b546947f9d59a30ec014adbee489e55f9177538dc52c3f15b08,2000-01-03..2020-12-31,0.48164525291138155,0.02346072042756875,-0.14149065497894098,stress,2026-09-27T16:47:22+00:00
proxy_daily,PROXY_PRELIMINARY,stress:margin_x4,301fb1b32b477b546947f9d59a30ec014adbee489e55f9177538dc52c3f15b08,2000-01-03..2020-12-31,0.48206852728463867,0.023468476570158714,-0.14138232890711855,stress,2026-09-27T16:47:22+00:00
proxy_daily,PROXY_PRELIMINARY,cap:1e+08:int,301fb1b32b477b546947f9d59a30ec014adbee489e55f9177538dc52c3f15b08,2000-01-03..2020-12-31,0.4214011113923033,0.019088454872949745,-0.14339367059051855,cap,2026-09-27T16:47:22+00:00
proxy_daily,PROXY_PRELIMINARY,cap:1e+08:frac,301fb1b32b477b546947f9d59a30ec014adbee489e55f9177538dc52c3f15b08,2000-01-03..2020-12-31,0.4655709489790335,0.022877142055790722,-0.1428728152566513,cap,2026-09-27T16:47:22+00:00
proxy_daily,PROXY_PRELIMINARY,cap:3e+08:int,301fb1b32b477b546947f9d59a30ec014adbee489e55f9177538dc52c3f15b08,2000-01-03..2020-12-31,0.48164525291138155,0.02346072042756875,-0.14149065497894098,cap,2026-09-27T16:47:22+00:00
proxy_daily,PROXY_PRELIMINARY,cap:3e+08:frac,301fb1b32b477b546947f9d59a30ec014adbee489e55f9177538dc52c3f15b08,2000-01-03..2020-12-31,0.46509879550705036,0.022852345241490157,-0.14297680005810742,cap,2026-09-27T16:47:22+00:00
proxy_daily,PROXY_PRELIMINARY,cap:1e+09:int,301fb1b32b477b546947f9d59a30ec014adbee489e55f9177538dc52c3f15b08,2000-01-03..2020-12-31,0.4891650523414683,0.024082541880744435,-0.14713206893404596,cap,2026-09-27T16:47:22+00:00
proxy_daily,PROXY_PRELIMINARY,cap:1e+09:frac,301fb1b32b477b546947f9d59a30ec014adbee489e55f9177538dc52c3f15b08,2000-01-03..2020-12-31,0.4641766879131611,0.022803919062237776,-0.14317979873343312,cap,2026-09-27T16:47:22+00:00
